10,glove.6B/glove.6B.50d.txt,sgd,mean_absolute_error,-1,0.9151459854014599,0.08608994078244606,2018-10-26 17:52:47,2018-10-26 17:52:53,100,0
10,glove.6B/glove.6B.50d.txt,sgd,mean_absolute_error,-1,0.9142335766423357,0.08639415685277786,2018-10-26 17:52:53,2018-10-26 17:52:57,100,1
10,glove.6B/glove.6B.50d.txt,sgd,mean_absolute_error,-1,0.9142335766423357,0.08623019393778196,2018-10-26 17:52:57,2018-10-26 17:53:02,100,2
10,glove.6B/glove.6B.50d.txt,sgd,mean_absolute_error,-1,0.9142335766423357,0.08602573684532278,2018-10-26 17:53:02,2018-10-26 17:53:08,100,3
10,glove.6B/glove.6B.50d.txt,sgd,mean_absolute_error,-1,0.9142335766423357,0.08615974461945304,2018-10-26 17:53:08,2018-10-26 17:53:13,100,4
10,glove.6B/glove.6B.50d.txt,sgd,mean_absolute_error,-1,0.9151459854014599,0.08592693078039336,2018-10-26 17:53:13,2018-10-26 17:53:19,100,5
10,glove.6B/glove.6B.50d.txt,sgd,mean_absolute_error,-1,0.9142335766423357,0.08626018350359298,2018-10-26 17:53:19,2018-10-26 17:53:26,100,6
10,glove.6B/glove.6B.50d.txt,sgd,mean_absolute_error,-1,0.9142335766423357,0.08586771922172422,2018-10-26 17:53:26,2018-10-26 17:53:33,100,7
10,glove.6B/glove.6B.50d.txt,sgd,mean_absolute_error,-1,0.9142335766423357,0.08600687453128995,2018-10-26 17:53:33,2018-10-26 17:53:40,100,8
10,glove.6B/glove.6B.50d.txt,sgd,mean_absolute_error,-1,0.9142335766423357,0.08604275821334254,2018-10-26 17:53:40,2018-10-26 17:53:47,100,9
10,glove.6B/glove.6B.50d.txt,sgd,mean_absolute_error,64,0.9142335766423357,0.08778014528925401,2018-10-26 17:53:47,2018-10-26 17:54:56,100,0
10,glove.6B/glove.6B.50d.txt,sgd,mean_absolute_error,64,0.9142335766423357,0.08786174480932472,2018-10-26 17:54:56,2018-10-26 17:56:09,100,1
10,glove.6B/glove.6B.50d.txt,sgd,mean_absolute_error,64,0.9142335766423357,0.08797359994075594,2018-10-26 17:56:09,2018-10-26 17:57:21,100,2
10,glove.6B/glove.6B.50d.txt,sgd,mean_absolute_error,64,0.9142335766423357,0.08821543273482009,2018-10-26 17:57:21,2018-10-26 17:58:32,100,3
10,glove.6B/glove.6B.50d.txt,sgd,mean_absolute_error,64,0.9142335766423357,0.08791079910567207,2018-10-26 17:58:32,2018-10-26 17:59:43,100,4
10,glove.6B/glove.6B.50d.txt,sgd,mean_absolute_error,64,0.9142335766423357,0.08800622135618308,2018-10-26 17:59:43,2018-10-26 18:00:56,100,5
10,glove.6B/glove.6B.50d.txt,sgd,mean_absolute_error,64,0.9142335766423357,0.08784402624098923,2018-10-26 18:00:56,2018-10-26 18:02:10,100,6
10,glove.6B/glove.6B.50d.txt,sgd,mean_absolute_error,64,0.9142335766423357,0.08772430922428187,2018-10-26 18:02:10,2018-10-26 18:03:28,100,7
10,glove.6B/glove.6B.50d.txt,sgd,mean_absolute_error,64,0.9142335766423357,0.08783941667010314,2018-10-26 18:03:28,2018-10-26 18:04:47,100,8
10,glove.6B/glove.6B.50d.txt,sgd,mean_absolute_error,64,0.9142335766423357,0.08772909663019389,2018-10-26 18:04:47,2018-10-26 18:06:08,100,9
10,glove.6B/glove.6B.50d.txt,sgd,mean_absolute_error,128,0.9142335766423357,0.08714498824229205,2018-10-26 18:06:08,2018-10-26 18:08:12,100,0
10,glove.6B/glove.6B.50d.txt,sgd,mean_absolute_error,128,0.9142335766423357,0.0870327523154934,2018-10-26 18:08:12,2018-10-26 18:10:18,100,1
10,glove.6B/glove.6B.50d.txt,sgd,mean_absolute_error,128,0.9142335766423357,0.08710694313049316,2018-10-26 18:10:18,2018-10-26 18:12:26,100,2
10,glove.6B/glove.6B.50d.txt,sgd,mean_absolute_error,128,0.9142335766423357,0.08720652367511805,2018-10-26 18:12:26,2018-10-26 18:14:30,100,3
10,glove.6B/glove.6B.50d.txt,sgd,mean_absolute_error,128,0.9142335766423357,0.08714387707249091,2018-10-26 18:14:30,2018-10-26 18:16:40,100,4
10,glove.6B/glove.6B.50d.txt,sgd,mean_absolute_error,128,0.9142335766423357,0.08712443181850614,2018-10-26 18:16:40,2018-10-26 18:18:48,100,5
10,glove.6B/glove.6B.50d.txt,sgd,mean_absolute_error,128,0.9142335766423357,0.08709002204620055,2018-10-26 18:18:48,2018-10-26 18:20:57,100,6
10,glove.6B/glove.6B.50d.txt,sgd,mean_absolute_error,128,0.9142335766423357,0.08721378097568985,2018-10-26 18:20:57,2018-10-26 18:23:11,100,7
10,glove.6B/glove.6B.50d.txt,sgd,mean_absolute_error,128,0.9142335766423357,0.08728596823711465,2018-10-26 18:23:11,2018-10-26 18:25:28,100,8
10,glove.6B/glove.6B.50d.txt,sgd,mean_absolute_error,128,0.9142335766423357,0.08713561051735913,2018-10-26 18:25:28,2018-10-26 18:27:40,100,9
10,glove.6B/glove.6B.50d.txt,sgd,mean_absolute_error,256,0.9142335766423357,0.08676991459444491,2018-10-26 18:27:40,2018-10-26 18:34:02,100,0
10,glove.6B/glove.6B.50d.txt,sgd,mean_absolute_error,256,0.9142335766423357,0.08670986030441132,2018-10-26 18:34:02,2018-10-26 18:40:14,100,1
10,glove.6B/glove.6B.50d.txt,sgd,mean_absolute_error,256,0.9142335766423357,0.08664576328583877,2018-10-26 18:40:14,2018-10-26 18:46:26,100,2
10,glove.6B/glove.6B.50d.txt,sgd,mean_absolute_error,256,0.9142335766423357,0.08673042129643642,2018-10-26 18:46:26,2018-10-26 18:52:36,100,3
10,glove.6B/glove.6B.50d.txt,sgd,mean_absolute_error,256,0.9142335766423357,0.08671905209113212,2018-10-26 18:52:36,2018-10-26 18:58:51,100,4
10,glove.6B/glove.6B.50d.txt,sgd,mean_absolute_error,256,0.9142335766423357,0.08668619823934388,2018-10-26 18:58:51,2018-10-26 19:05:12,100,5
10,glove.6B/glove.6B.50d.txt,sgd,mean_absolute_error,256,0.9142335766423357,0.08673469792969905,2018-10-26 19:05:12,2018-10-26 19:11:37,100,6
10,glove.6B/glove.6B.50d.txt,sgd,mean_absolute_error,256,0.9142335766423357,0.08672629710096512,2018-10-26 19:11:37,2018-10-26 19:18:07,100,7
10,glove.6B/glove.6B.50d.txt,sgd,mean_absolute_error,256,0.9142335766423357,0.08671637417843742,2018-10-26 19:18:07,2018-10-26 19:24:49,100,8
10,glove.6B/glove.6B.50d.txt,sgd,mean_absolute_error,256,0.9142335766423357,0.08679130880066949,2018-10-26 19:24:49,2018-10-26 19:31:44,100,9
10,glove.6B/glove.6B.50d.txt,sgd,mean_absolute_error,512,0.9142335766423357,0.08648360074654113,2018-10-26 19:31:44,2018-10-26 19:50:53,100,0
10,glove.6B/glove.6B.50d.txt,sgd,mean_absolute_error,512,0.9142335766423357,0.08647744199872887,2018-10-26 19:50:53,2018-10-26 20:09:01,100,1
10,glove.6B/glove.6B.50d.txt,sgd,mean_absolute_error,512,0.9142335766423357,0.0865091113169698,2018-10-26 20:09:01,2018-10-26 20:27:31,100,2
10,glove.6B/glove.6B.50d.txt,sgd,mean_absolute_error,512,0.9142335766423357,0.08646468981339113,2018-10-26 20:27:31,2018-10-26 20:46:26,100,3
10,glove.6B/glove.6B.50d.txt,sgd,mean_absolute_error,512,0.9142335766423357,0.08642204214621635,2018-10-26 20:46:26,2018-10-26 21:05:30,100,4
10,glove.6B/glove.6B.50d.txt,sgd,mean_absolute_error,512,0.9142335766423357,0.08649939331260041,2018-10-26 21:05:30,2018-10-26 21:24:45,100,5
10,glove.6B/glove.6B.50d.txt,sgd,mean_absolute_error,512,0.9142335766423357,0.08648365518472491,2018-10-26 21:24:45,2018-10-26 21:43:49,100,6
10,glove.6B/glove.6B.50d.txt,sgd,mean_absolute_error,512,0.9142335766423357,0.08646205018689163,2018-10-26 21:43:49,2018-10-26 22:02:45,100,7
10,glove.6B/glove.6B.50d.txt,sgd,mean_absolute_error,512,0.9142335766423357,0.08646616203724032,2018-10-26 22:02:45,2018-10-26 22:21:16,100,8
10,glove.6B/glove.6B.50d.txt,sgd,mean_absolute_error,512,0.9142335766423357,0.08644990100912804,2018-10-26 22:21:16,2018-10-26 22:38:37,100,9
10,glove.6B/glove.6B.50d.txt,adam,binary_crossentropy,-1,0.9151459854014599,0.14695440167493193,2018-10-26 22:38:37,2018-10-26 22:38:52,12,0
10,glove.6B/glove.6B.50d.txt,adam,binary_crossentropy,-1,0.9224452554744526,0.1314840522887063,2018-10-26 22:38:52,2018-10-26 22:39:06,23,1
10,glove.6B/glove.6B.50d.txt,adam,binary_crossentropy,-1,0.9224452554744526,0.13213534783707917,2018-10-26 22:39:06,2018-10-26 22:39:23,19,2
10,glove.6B/glove.6B.50d.txt,adam,binary_crossentropy,-1,0.927007299270073,0.12475025006671892,2018-10-26 22:39:23,2018-10-26 22:39:39,26,3
10,glove.6B/glove.6B.50d.txt,adam,binary_crossentropy,-1,0.9288321167883211,0.11929159252530466,2018-10-26 22:39:39,2018-10-26 22:39:55,28,4
10,glove.6B/glove.6B.50d.txt,adam,binary_crossentropy,-1,0.916970802919708,0.13328541989309073,2018-10-26 22:39:55,2018-10-26 22:40:11,22,5
10,glove.6B/glove.6B.50d.txt,adam,binary_crossentropy,-1,0.9297445255474452,0.11862850113071664,2018-10-26 22:40:11,2018-10-26 22:40:28,35,6
10,glove.6B/glove.6B.50d.txt,adam,binary_crossentropy,-1,0.9206204379562044,0.13506044186379787,2018-10-26 22:40:28,2018-10-26 22:40:44,18,7
10,glove.6B/glove.6B.50d.txt,adam,binary_crossentropy,-1,0.9142335766423357,0.1454324763077889,2018-10-26 22:40:44,2018-10-26 22:40:58,13,8
10,glove.6B/glove.6B.50d.txt,adam,binary_crossentropy,-1,0.9251824817518248,0.13277830787166192,2018-10-26 22:40:58,2018-10-26 22:41:14,21,9
10,glove.6B/glove.6B.50d.txt,adam,binary_crossentropy,64,0.916970802919708,0.12901092298927097,2018-10-26 22:41:14,2018-10-26 22:41:39,12,0
10,glove.6B/glove.6B.50d.txt,adam,binary_crossentropy,64,0.9552919708029197,0.08665431769442385,2018-10-26 22:41:39,2018-10-26 22:42:07,17,1
10,glove.6B/glove.6B.50d.txt,adam,binary_crossentropy,64,0.9315693430656934,0.11193192755653911,2018-10-26 22:42:07,2018-10-26 22:42:36,14,2
10,glove.6B/glove.6B.50d.txt,adam,binary_crossentropy,64,0.9187956204379562,0.11777486695642889,2018-10-26 22:42:36,2018-10-26 22:43:02,12,3
10,glove.6B/glove.6B.50d.txt,adam,binary_crossentropy,64,0.9771897810218978,0.05985459201309803,2018-10-26 22:43:02,2018-10-26 22:43:36,21,4
10,glove.6B/glove.6B.50d.txt,adam,binary_crossentropy,64,0.9178832116788321,0.1106352014807019,2018-10-26 22:43:36,2018-10-26 22:44:03,12,5
10,glove.6B/glove.6B.50d.txt,adam,binary_crossentropy,64,0.9206204379562044,0.11729170186241178,2018-10-26 22:44:03,2018-10-26 22:44:31,13,6
10,glove.6B/glove.6B.50d.txt,adam,binary_crossentropy,64,0.916970802919708,0.14508586980565621,2018-10-26 22:44:31,2018-10-26 22:45:00,11,7
10,glove.6B/glove.6B.50d.txt,adam,binary_crossentropy,64,0.9206204379562044,0.11237287086291906,2018-10-26 22:45:00,2018-10-26 22:45:30,12,8
10,glove.6B/glove.6B.50d.txt,adam,binary_crossentropy,64,0.9187956204379562,0.10841960786250386,2018-10-26 22:45:30,2018-10-26 22:45:59,13,9
10,glove.6B/glove.6B.50d.txt,adam,binary_crossentropy,128,0.927007299270073,0.09101710082405676,2018-10-26 22:45:59,2018-10-26 22:46:33,12,0
10,glove.6B/glove.6B.50d.txt,adam,binary_crossentropy,128,0.9799270072992701,0.05969010195592894,2018-10-26 22:46:33,2018-10-26 22:47:17,16,1
10,glove.6B/glove.6B.50d.txt,adam,binary_crossentropy,128,0.9361313868613139,0.08730951544359652,2018-10-26 22:47:17,2018-10-26 22:47:53,12,2
10,glove.6B/glove.6B.50d.txt,adam,binary_crossentropy,128,0.9251824817518248,0.09326982780964706,2018-10-26 22:47:53,2018-10-26 22:48:28,11,3
10,glove.6B/glove.6B.50d.txt,adam,binary_crossentropy,128,0.9315693430656934,0.09076443069825207,2018-10-26 22:48:28,2018-10-26 22:49:04,12,4
10,glove.6B/glove.6B.50d.txt,adam,binary_crossentropy,128,0.9361313868613139,0.11944440382457998,2018-10-26 22:49:04,2018-10-26 22:49:40,11,5
10,glove.6B/glove.6B.50d.txt,adam,binary_crossentropy,128,0.9461678832116789,0.06873027210796837,2018-10-26 22:49:40,2018-10-26 22:50:21,14,6
10,glove.6B/glove.6B.50d.txt,adam,binary_crossentropy,128,0.9370437956204379,0.08958865957756112,2018-10-26 22:50:21,2018-10-26 22:50:59,12,7
10,glove.6B/glove.6B.50d.txt,adam,binary_crossentropy,128,0.9808394160583942,0.041678676069000345,2018-10-26 22:50:59,2018-10-26 22:51:44,18,8
10,glove.6B/glove.6B.50d.txt,adam,binary_crossentropy,128,0.9306569343065694,0.13053778858080398,2018-10-26 22:51:44,2018-10-26 22:52:24,11,9
10,glove.6B/glove.6B.50d.txt,adam,binary_crossentropy,256,0.9215328467153284,0.10792186029636076,2018-10-26 22:52:24,2018-10-26 22:53:28,12,0
10,glove.6B/glove.6B.50d.txt,adam,binary_crossentropy,256,0.9835766423357665,0.02128246618965029,2018-10-26 22:53:28,2018-10-26 22:55:00,20,1
10,glove.6B/glove.6B.50d.txt,adam,binary_crossentropy,256,0.9443430656934306,0.0877280803057399,2018-10-26 22:55:00,2018-10-26 22:56:02,11,2
10,glove.6B/glove.6B.50d.txt,adam,binary_crossentropy,256,0.9370437956204379,0.09388531097312913,2018-10-26 22:56:02,2018-10-26 22:57:01,11,3
10,glove.6B/glove.6B.50d.txt,adam,binary_crossentropy,256,0.9406934306569343,0.10513452456815399,2018-10-26 22:57:01,2018-10-26 22:58:06,11,4
10,glove.6B/glove.6B.50d.txt,adam,binary_crossentropy,256,0.9644160583941606,0.09427567848758976,2018-10-26 22:58:06,2018-10-26 22:59:11,12,5
10,glove.6B/glove.6B.50d.txt,adam,binary_crossentropy,256,0.9498175182481752,0.06856443156508633,2018-10-26 22:59:11,2018-10-26 23:00:22,13,6
10,glove.6B/glove.6B.50d.txt,adam,binary_crossentropy,256,0.9653284671532847,0.08223514704808702,2018-10-26 23:00:22,2018-10-26 23:01:31,13,7
10,glove.6B/glove.6B.50d.txt,adam,binary_crossentropy,256,0.9698905109489051,0.07665635297333237,2018-10-26 23:01:31,2018-10-26 23:02:38,12,8
10,glove.6B/glove.6B.50d.txt,adam,binary_crossentropy,256,0.9890510948905109,0.015753691924232854,2018-10-26 23:02:38,2018-10-26 23:04:04,18,9
10,glove.6B/glove.6B.50d.txt,adam,binary_crossentropy,512,0.9781021897810219,0.04929144734883831,2018-10-26 23:04:04,2018-10-26 23:07:17,17,0
10,glove.6B/glove.6B.50d.txt,adam,binary_crossentropy,512,0.9343065693430657,0.08467776855848132,2018-10-26 23:07:17,2018-10-26 23:09:41,11,1
10,glove.6B/glove.6B.50d.txt,adam,binary_crossentropy,512,0.968065693430657,0.07594802486200403,2018-10-26 23:09:41,2018-10-26 23:12:13,12,2
10,glove.6B/glove.6B.50d.txt,adam,binary_crossentropy,512,0.9771897810218978,0.04526560851474748,2018-10-26 23:12:13,2018-10-26 23:15:04,14,3
10,glove.6B/glove.6B.50d.txt,adam,binary_crossentropy,512,0.9735401459854015,0.06284648375789614,2018-10-26 23:15:04,2018-10-26 23:17:44,13,4
10,glove.6B/glove.6B.50d.txt,adam,binary_crossentropy,512,0.9452554744525548,0.08668501990554976,2018-10-26 23:17:44,2018-10-26 23:20:03,11,5
10,glove.6B/glove.6B.50d.txt,adam,binary_crossentropy,512,0.8895985401459854,0.15739314274413743,2018-10-26 23:20:03,2018-10-26 23:22:22,11,6
10,glove.6B/glove.6B.50d.txt,adam,binary_crossentropy,512,0.9388686131386861,0.07044364903530065,2018-10-26 23:22:22,2018-10-26 23:24:49,12,7
10,glove.6B/glove.6B.50d.txt,adam,binary_crossentropy,512,0.968065693430657,0.07051707178789333,2018-10-26 23:24:49,2018-10-26 23:27:19,13,8
10,glove.6B/glove.6B.50d.txt,adam,binary_crossentropy,512,0.9616788321167883,0.09189581365263375,2018-10-26 23:27:19,2018-10-26 23:29:27,11,9
10,glove.6B/glove.6B.100d.txt,sgd,mean_absolute_error,-1,0.9142335766423357,0.08600829797287057,2018-10-26 23:29:40,2018-10-26 23:30:21,100,0
10,glove.6B/glove.6B.100d.txt,sgd,mean_absolute_error,-1,0.9142335766423357,0.08603404391638554,2018-10-26 23:30:21,2018-10-26 23:31:05,100,1
10,glove.6B/glove.6B.100d.txt,sgd,mean_absolute_error,-1,0.9142335766423357,0.08616849257998223,2018-10-26 23:31:05,2018-10-26 23:31:49,100,2
10,glove.6B/glove.6B.100d.txt,sgd,mean_absolute_error,-1,0.9151459854014599,0.08582089460679214,2018-10-26 23:31:49,2018-10-26 23:32:30,100,3
10,glove.6B/glove.6B.100d.txt,sgd,mean_absolute_error,-1,0.9142335766423357,0.08582334976344214,2018-10-26 23:32:30,2018-10-26 23:33:10,100,4
10,glove.6B/glove.6B.100d.txt,sgd,mean_absolute_error,-1,0.9142335766423357,0.08630341498086053,2018-10-26 23:33:10,2018-10-26 23:33:52,100,5
10,glove.6B/glove.6B.100d.txt,sgd,mean_absolute_error,-1,0.9142335766423357,0.08604302920781783,2018-10-26 23:33:52,2018-10-26 23:34:33,100,6
10,glove.6B/glove.6B.100d.txt,sgd,mean_absolute_error,-1,0.9142335766423357,0.08599863495052296,2018-10-26 23:34:33,2018-10-26 23:35:15,100,7
10,glove.6B/glove.6B.100d.txt,sgd,mean_absolute_error,-1,0.9142335766423357,0.08602600327155886,2018-10-26 23:35:15,2018-10-26 23:35:57,100,8
10,glove.6B/glove.6B.100d.txt,sgd,mean_absolute_error,-1,0.9142335766423357,0.08594873232127977,2018-10-26 23:35:57,2018-10-26 23:36:38,100,9
10,glove.6B/glove.6B.100d.txt,sgd,mean_absolute_error,64,0.9142335766423357,0.08791561653144168,2018-10-26 23:36:38,2018-10-26 23:38:33,100,0
10,glove.6B/glove.6B.100d.txt,sgd,mean_absolute_error,64,0.9142335766423357,0.08792877257087806,2018-10-26 23:38:33,2018-10-26 23:40:32,100,1
10,glove.6B/glove.6B.100d.txt,sgd,mean_absolute_error,64,0.9142335766423357,0.08798520022282635,2018-10-26 23:40:32,2018-10-26 23:42:25,100,2
10,glove.6B/glove.6B.100d.txt,sgd,mean_absolute_error,64,0.9142335766423357,0.08783229625355589,2018-10-26 23:42:25,2018-10-26 23:44:22,100,3
10,glove.6B/glove.6B.100d.txt,sgd,mean_absolute_error,64,0.9142335766423357,0.08795731830118346,2018-10-26 23:44:22,2018-10-26 23:46:19,100,4
10,glove.6B/glove.6B.100d.txt,sgd,mean_absolute_error,64,0.9142335766423357,0.08783437333402842,2018-10-26 23:46:19,2018-10-26 23:48:15,100,5
10,glove.6B/glove.6B.100d.txt,sgd,mean_absolute_error,64,0.9142335766423357,0.08751639310460892,2018-10-26 23:48:15,2018-10-26 23:50:12,100,6
10,glove.6B/glove.6B.100d.txt,sgd,mean_absolute_error,64,0.9142335766423357,0.08759111834921106,2018-10-26 23:50:12,2018-10-26 23:52:10,100,7
10,glove.6B/glove.6B.100d.txt,sgd,mean_absolute_error,64,0.9142335766423357,0.08786200487265622,2018-10-26 23:52:10,2018-10-26 23:54:08,100,8
10,glove.6B/glove.6B.100d.txt,sgd,mean_absolute_error,64,0.9142335766423357,0.08770654508232201,2018-10-26 23:54:08,2018-10-26 23:56:06,100,9
10,glove.6B/glove.6B.100d.txt,sgd,mean_absolute_error,128,0.9142335766423357,0.08705831808547904,2018-10-26 23:56:06,2018-10-26 23:58:46,100,0
10,glove.6B/glove.6B.100d.txt,sgd,mean_absolute_error,128,0.9142335766423357,0.08706862457694799,2018-10-26 23:58:46,2018-10-27 00:01:28,100,1
10,glove.6B/glove.6B.100d.txt,sgd,mean_absolute_error,128,0.9142335766423357,0.0871368943013414,2018-10-27 00:01:28,2018-10-27 00:04:18,100,2
10,glove.6B/glove.6B.100d.txt,sgd,mean_absolute_error,128,0.9142335766423357,0.08714226187363158,2018-10-27 00:04:18,2018-10-27 00:07:01,100,3
10,glove.6B/glove.6B.100d.txt,sgd,mean_absolute_error,128,0.9142335766423357,0.08718494831645576,2018-10-27 00:07:01,2018-10-27 00:09:46,100,4
10,glove.6B/glove.6B.100d.txt,sgd,mean_absolute_error,128,0.9142335766423357,0.08724684077892861,2018-10-27 00:09:46,2018-10-27 00:12:33,100,5
10,glove.6B/glove.6B.100d.txt,sgd,mean_absolute_error,128,0.9142335766423357,0.08720441325737611,2018-10-27 00:12:33,2018-10-27 00:15:23,100,6
10,glove.6B/glove.6B.100d.txt,sgd,mean_absolute_error,128,0.9142335766423357,0.08711327465563795,2018-10-27 00:15:23,2018-10-27 00:18:11,100,7
10,glove.6B/glove.6B.100d.txt,sgd,mean_absolute_error,128,0.9142335766423357,0.08705127244665675,2018-10-27 00:18:11,2018-10-27 00:21:00,100,8
10,glove.6B/glove.6B.100d.txt,sgd,mean_absolute_error,128,0.9142335766423357,0.0870835837112726,2018-10-27 00:21:00,2018-10-27 00:23:54,100,9
10,glove.6B/glove.6B.100d.txt,sgd,mean_absolute_error,256,0.9142335766423357,0.08671246936721523,2018-10-27 00:23:54,2018-10-27 00:30:02,100,0
10,glove.6B/glove.6B.100d.txt,sgd,mean_absolute_error,256,0.9142335766423357,0.08661185117968678,2018-10-27 00:30:02,2018-10-27 00:36:12,100,1
10,glove.6B/glove.6B.100d.txt,sgd,mean_absolute_error,256,0.9142335766423357,0.08673447696831975,2018-10-27 00:36:12,2018-10-27 00:42:19,100,2
10,glove.6B/glove.6B.100d.txt,sgd,mean_absolute_error,256,0.9142335766423357,0.08667343077215835,2018-10-27 00:42:19,2018-10-27 00:48:32,100,3
10,glove.6B/glove.6B.100d.txt,sgd,mean_absolute_error,256,0.9142335766423357,0.08667569172425862,2018-10-27 00:48:32,2018-10-27 00:54:42,100,4
10,glove.6B/glove.6B.100d.txt,sgd,mean_absolute_error,256,0.9142335766423357,0.08668368929711572,2018-10-27 00:54:42,2018-10-27 01:01:09,100,5
10,glove.6B/glove.6B.100d.txt,sgd,mean_absolute_error,256,0.9142335766423357,0.08666205694423104,2018-10-27 01:01:09,2018-10-27 01:07:33,100,6
10,glove.6B/glove.6B.100d.txt,sgd,mean_absolute_error,256,0.9142335766423357,0.08667017965421189,2018-10-27 01:07:33,2018-10-27 01:13:56,100,7
10,glove.6B/glove.6B.100d.txt,sgd,mean_absolute_error,256,0.9142335766423357,0.08676708881219808,2018-10-27 01:13:56,2018-10-27 01:20:23,100,8
10,glove.6B/glove.6B.100d.txt,sgd,mean_absolute_error,256,0.9142335766423357,0.08674826092311065,2018-10-27 01:20:23,2018-10-27 01:27:10,100,9
10,glove.6B/glove.6B.100d.txt,sgd,mean_absolute_error,512,0.9142335766423357,0.08643322198712913,2018-10-27 01:27:10,2018-10-27 01:45:11,100,0
10,glove.6B/glove.6B.100d.txt,sgd,mean_absolute_error,512,0.9142335766423357,0.08644116854798185,2018-10-27 01:45:11,2018-10-27 02:04:01,100,1
10,glove.6B/glove.6B.100d.txt,sgd,mean_absolute_error,512,0.9142335766423357,0.08642535091099078,2018-10-27 02:04:01,2018-10-27 02:23:34,100,2
10,glove.6B/glove.6B.100d.txt,sgd,mean_absolute_error,512,0.9142335766423357,0.08643976957911123,2018-10-27 02:23:34,2018-10-27 02:43:31,100,3
10,glove.6B/glove.6B.100d.txt,sgd,mean_absolute_error,512,0.9142335766423357,0.08641831674715028,2018-10-27 02:43:31,2018-10-27 03:03:24,100,4
10,glove.6B/glove.6B.100d.txt,sgd,mean_absolute_error,512,0.9142335766423357,0.08645026135618669,2018-10-27 03:03:24,2018-10-27 03:22:49,100,5
10,glove.6B/glove.6B.100d.txt,sgd,mean_absolute_error,512,0.9142335766423357,0.08646580582335048,2018-10-27 03:22:49,2018-10-27 03:42:40,100,6
10,glove.6B/glove.6B.100d.txt,sgd,mean_absolute_error,512,0.9142335766423357,0.08645326676812486,2018-10-27 03:42:40,2018-10-27 04:02:23,100,7
10,glove.6B/glove.6B.100d.txt,sgd,mean_absolute_error,512,0.9142335766423357,0.0864468579636003,2018-10-27 04:02:23,2018-10-27 04:21:13,100,8
10,glove.6B/glove.6B.100d.txt,sgd,mean_absolute_error,512,0.9142335766423357,0.08645984443434834,2018-10-27 04:21:13,2018-10-27 04:38:54,100,9
10,glove.6B/glove.6B.100d.txt,adam,binary_crossentropy,-1,0.916058394160584,0.14140410356930572,2018-10-27 04:38:54,2018-10-27 04:39:41,11,0
10,glove.6B/glove.6B.100d.txt,adam,binary_crossentropy,-1,0.947992700729927,0.10497091215674895,2018-10-27 04:39:41,2018-10-27 04:40:31,23,1
10,glove.6B/glove.6B.100d.txt,adam,binary_crossentropy,-1,0.916970802919708,0.13626951463248607,2018-10-27 04:40:31,2018-10-27 04:41:16,12,2
10,glove.6B/glove.6B.100d.txt,adam,binary_crossentropy,-1,0.9279197080291971,0.10662956845803853,2018-10-27 04:41:16,2018-10-27 04:42:04,19,3
10,glove.6B/glove.6B.100d.txt,adam,binary_crossentropy,-1,0.9416058394160584,0.1070975693364213,2018-10-27 04:42:04,2018-10-27 04:42:52,24,4
10,glove.6B/glove.6B.100d.txt,adam,binary_crossentropy,-1,0.9306569343065694,0.12902628663029983,2018-10-27 04:42:52,2018-10-27 04:43:37,13,5
10,glove.6B/glove.6B.100d.txt,adam,binary_crossentropy,-1,0.9197080291970803,0.11897468006741392,2018-10-27 04:43:37,2018-10-27 04:44:22,14,6
10,glove.6B/glove.6B.100d.txt,adam,binary_crossentropy,-1,0.9233576642335767,0.14240224871539722,2018-10-27 04:44:22,2018-10-27 04:45:06,12,7
10,glove.6B/glove.6B.100d.txt,adam,binary_crossentropy,-1,0.9215328467153284,0.12853936339816907,2018-10-27 04:45:06,2018-10-27 04:45:52,12,8
10,glove.6B/glove.6B.100d.txt,adam,binary_crossentropy,-1,0.9206204379562044,0.1173333073184438,2018-10-27 04:45:52,2018-10-27 04:46:38,13,9
10,glove.6B/glove.6B.100d.txt,adam,binary_crossentropy,64,0.9224452554744526,0.10526715186390563,2018-10-27 04:46:38,2018-10-27 04:47:35,11,0
10,glove.6B/glove.6B.100d.txt,adam,binary_crossentropy,64,0.9461678832116789,0.10068908061859382,2018-10-27 04:47:35,2018-10-27 04:48:32,12,1
10,glove.6B/glove.6B.100d.txt,adam,binary_crossentropy,64,0.9799270072992701,0.04952420626026,2018-10-27 04:48:32,2018-10-27 04:49:42,18,2
10,glove.6B/glove.6B.100d.txt,adam,binary_crossentropy,64,0.9461678832116789,0.08065028385306797,2018-10-27 04:49:42,2018-10-27 04:50:42,12,3
10,glove.6B/glove.6B.100d.txt,adam,binary_crossentropy,64,0.9297445255474452,0.09926491894208601,2018-10-27 04:50:42,2018-10-27 04:51:42,12,4
10,glove.6B/glove.6B.100d.txt,adam,binary_crossentropy,64,0.9434306569343066,0.11759497437381396,2018-10-27 04:51:42,2018-10-27 04:52:47,13,5
10,glove.6B/glove.6B.100d.txt,adam,binary_crossentropy,64,0.9744525547445255,0.06398418099775802,2018-10-27 04:52:47,2018-10-27 04:53:52,14,6
10,glove.6B/glove.6B.100d.txt,adam,binary_crossentropy,64,0.9726277372262774,0.0508946132485884,2018-10-27 04:53:52,2018-10-27 04:54:58,14,7
10,glove.6B/glove.6B.100d.txt,adam,binary_crossentropy,64,0.9817518248175182,0.036463651425429504,2018-10-27 04:54:58,2018-10-27 04:56:09,18,8
10,glove.6B/glove.6B.100d.txt,adam,binary_crossentropy,64,0.9762773722627737,0.06994446872794716,2018-10-27 04:56:09,2018-10-27 04:57:21,15,9
10,glove.6B/glove.6B.100d.txt,adam,binary_crossentropy,128,0.9662408759124088,0.08814064288226357,2018-10-27 04:57:21,2018-10-27 04:58:33,11,0
10,glove.6B/glove.6B.100d.txt,adam,binary_crossentropy,128,0.9662408759124088,0.08804012073652588,2018-10-27 04:58:33,2018-10-27 04:59:44,11,1
10,glove.6B/glove.6B.100d.txt,adam,binary_crossentropy,128,0.9516423357664233,0.0901758043761671,2018-10-27 04:59:44,2018-10-27 05:00:56,11,2
10,glove.6B/glove.6B.100d.txt,adam,binary_crossentropy,128,0.9799270072992701,0.046139810261500144,2018-10-27 05:00:56,2018-10-27 05:02:16,14,3
10,glove.6B/glove.6B.100d.txt,adam,binary_crossentropy,128,0.9753649635036497,0.047302962736274205,2018-10-27 05:02:16,2018-10-27 05:03:32,12,4
10,glove.6B/glove.6B.100d.txt,adam,binary_crossentropy,128,0.9771897810218978,0.0701458545496864,2018-10-27 05:03:32,2018-10-27 05:04:48,11,5
10,glove.6B/glove.6B.100d.txt,adam,binary_crossentropy,128,0.989963503649635,0.019515850713789244,2018-10-27 05:04:48,2018-10-27 05:06:13,16,6
10,glove.6B/glove.6B.100d.txt,adam,binary_crossentropy,128,0.9525547445255474,0.0659211101214381,2018-10-27 05:06:13,2018-10-27 05:07:26,12,7
10,glove.6B/glove.6B.100d.txt,adam,binary_crossentropy,128,0.9370437956204379,0.06924054673770919,2018-10-27 05:07:26,2018-10-27 05:08:44,11,8
10,glove.6B/glove.6B.100d.txt,adam,binary_crossentropy,128,0.9762773722627737,0.07332626202680768,2018-10-27 05:08:44,2018-10-27 05:10:05,12,9
10,glove.6B/glove.6B.100d.txt,adam,binary_crossentropy,256,0.9717153284671532,0.04143413766049338,2018-10-27 05:10:05,2018-10-27 05:11:58,11,0
10,glove.6B/glove.6B.100d.txt,adam,binary_crossentropy,256,0.9717153284671532,0.061859732779273154,2018-10-27 05:11:58,2018-10-27 05:13:43,11,1
10,glove.6B/glove.6B.100d.txt,adam,binary_crossentropy,256,0.9808394160583942,0.06145644468003816,2018-10-27 05:13:43,2018-10-27 05:15:30,11,2
10,glove.6B/glove.6B.100d.txt,adam,binary_crossentropy,256,0.9562043795620438,0.05736617238199624,2018-10-27 05:15:30,2018-10-27 05:17:17,11,3
10,glove.6B/glove.6B.100d.txt,adam,binary_crossentropy,256,0.9872262773722628,0.019288753910520432,2018-10-27 05:17:17,2018-10-27 05:19:36,16,4
10,glove.6B/glove.6B.100d.txt,adam,binary_crossentropy,256,0.9863138686131386,0.029814281874764575,2018-10-27 05:19:36,2018-10-27 05:21:34,13,5
10,glove.6B/glove.6B.100d.txt,adam,binary_crossentropy,256,0.9844890510948905,0.022540058417204956,2018-10-27 05:21:34,2018-10-27 05:23:44,16,6
10,glove.6B/glove.6B.100d.txt,adam,binary_crossentropy,256,0.9881386861313869,0.028694023045092602,2018-10-27 05:23:44,2018-10-27 05:25:45,13,7
10,glove.6B/glove.6B.100d.txt,adam,binary_crossentropy,256,0.968978102189781,0.05111292326809281,2018-10-27 05:25:45,2018-10-27 05:27:48,13,8
10,glove.6B/glove.6B.100d.txt,adam,binary_crossentropy,256,0.9653284671532847,0.061173194733849405,2018-10-27 05:27:48,2018-10-27 05:29:44,12,9
10,glove.6B/glove.6B.100d.txt,adam,binary_crossentropy,512,0.9762773722627737,0.04509769745823676,2018-10-27 05:29:44,2018-10-27 05:32:46,11,0
10,glove.6B/glove.6B.100d.txt,adam,binary_crossentropy,512,0.9872262773722628,0.01991804557288215,2018-10-27 05:32:46,2018-10-27 05:36:34,17,1
10,glove.6B/glove.6B.100d.txt,adam,binary_crossentropy,512,0.9863138686131386,0.037124281762725246,2018-10-27 05:36:34,2018-10-27 05:39:39,12,2
10,glove.6B/glove.6B.100d.txt,adam,binary_crossentropy,512,0.9854014598540146,0.04563071334013974,2018-10-27 05:39:39,2018-10-27 05:43:11,14,3
10,glove.6B/glove.6B.100d.txt,adam,binary_crossentropy,512,0.9917883211678832,0.013085184343512694,2018-10-27 05:43:11,2018-10-27 05:46:49,15,4
10,glove.6B/glove.6B.100d.txt,adam,binary_crossentropy,512,0.968065693430657,0.04042789045836858,2018-10-27 05:46:49,2018-10-27 05:49:56,12,5
10,glove.6B/glove.6B.100d.txt,adam,binary_crossentropy,512,0.9543795620437956,0.05977360199946557,2018-10-27 05:49:56,2018-10-27 05:52:54,11,6
10,glove.6B/glove.6B.100d.txt,adam,binary_crossentropy,512,0.9863138686131386,0.05097825278657196,2018-10-27 05:52:54,2018-10-27 05:55:48,11,7
10,glove.6B/glove.6B.100d.txt,adam,binary_crossentropy,512,0.9790145985401459,0.04109086960989193,2018-10-27 05:55:48,2018-10-27 05:58:46,12,8
10,glove.6B/glove.6B.100d.txt,adam,binary_crossentropy,512,0.9808394160583942,0.030552742696863457,2018-10-27 05:58:46,2018-10-27 06:01:51,12,9
10,glove.6B/glove.6B.200d.txt,sgd,mean_absolute_error,-1,0.9151459854014599,0.08598135999084389,2018-10-27 06:02:30,2018-10-27 06:04:45,100,0
10,glove.6B/glove.6B.200d.txt,sgd,mean_absolute_error,-1,0.9142335766423357,0.08589719545884725,2018-10-27 06:04:45,2018-10-27 06:05:56,100,1
10,glove.6B/glove.6B.200d.txt,sgd,mean_absolute_error,-1,0.9142335766423357,0.08616440596371672,2018-10-27 06:05:56,2018-10-27 06:07:07,100,2
10,glove.6B/glove.6B.200d.txt,sgd,mean_absolute_error,-1,0.9142335766423357,0.08584941238382438,2018-10-27 06:07:07,2018-10-27 06:08:18,100,3
10,glove.6B/glove.6B.200d.txt,sgd,mean_absolute_error,-1,0.9151459854014599,0.08594888761422059,2018-10-27 06:08:18,2018-10-27 06:09:31,100,4
10,glove.6B/glove.6B.200d.txt,sgd,mean_absolute_error,-1,0.9142335766423357,0.08605615234505522,2018-10-27 06:09:31,2018-10-27 06:10:42,100,5
10,glove.6B/glove.6B.200d.txt,sgd,mean_absolute_error,-1,0.9142335766423357,0.08593584678686449,2018-10-27 06:10:42,2018-10-27 06:11:54,100,6
10,glove.6B/glove.6B.200d.txt,sgd,mean_absolute_error,-1,0.9151459854014599,0.0857933682192416,2018-10-27 06:11:54,2018-10-27 06:13:08,100,7
10,glove.6B/glove.6B.200d.txt,sgd,mean_absolute_error,-1,0.9142335766423357,0.0861082485992543,2018-10-27 06:13:08,2018-10-27 06:14:21,100,8
10,glove.6B/glove.6B.200d.txt,sgd,mean_absolute_error,-1,0.9142335766423357,0.08613206206882087,2018-10-27 06:14:21,2018-10-27 06:15:35,100,9
10,glove.6B/glove.6B.200d.txt,sgd,mean_absolute_error,64,0.9142335766423357,0.08776882318032049,2018-10-27 06:15:35,2018-10-27 06:17:54,100,0
10,glove.6B/glove.6B.200d.txt,sgd,mean_absolute_error,64,0.9142335766423357,0.08809655583905478,2018-10-27 06:17:54,2018-10-27 06:20:15,100,1
10,glove.6B/glove.6B.200d.txt,sgd,mean_absolute_error,64,0.9142335766423357,0.0878727177742624,2018-10-27 06:20:15,2018-10-27 06:22:36,100,2
10,glove.6B/glove.6B.200d.txt,sgd,mean_absolute_error,64,0.9142335766423357,0.08806484426460127,2018-10-27 06:22:36,2018-10-27 06:24:58,100,3
10,glove.6B/glove.6B.200d.txt,sgd,mean_absolute_error,64,0.9142335766423357,0.08804245967499531,2018-10-27 06:24:58,2018-10-27 06:27:20,100,4
10,glove.6B/glove.6B.200d.txt,sgd,mean_absolute_error,64,0.9142335766423357,0.0879843724470069,2018-10-27 06:27:20,2018-10-27 06:29:42,100,5
10,glove.6B/glove.6B.200d.txt,sgd,mean_absolute_error,64,0.9142335766423357,0.08763893459835191,2018-10-27 06:29:42,2018-10-27 06:32:04,100,6
10,glove.6B/glove.6B.200d.txt,sgd,mean_absolute_error,64,0.9142335766423357,0.08793529895317816,2018-10-27 06:32:04,2018-10-27 06:34:27,100,7
10,glove.6B/glove.6B.200d.txt,sgd,mean_absolute_error,64,0.9142335766423357,0.08807715507101839,2018-10-27 06:34:27,2018-10-27 06:36:58,100,8
10,glove.6B/glove.6B.200d.txt,sgd,mean_absolute_error,64,0.9142335766423357,0.08789501159730619,2018-10-27 06:36:58,2018-10-27 06:39:27,100,9
10,glove.6B/glove.6B.200d.txt,sgd,mean_absolute_error,128,0.9142335766423357,0.0871623141052079,2018-10-27 06:39:27,2018-10-27 06:42:35,100,0
10,glove.6B/glove.6B.200d.txt,sgd,mean_absolute_error,128,0.9142335766423357,0.08723015947281008,2018-10-27 06:42:35,2018-10-27 06:45:44,100,1
10,glove.6B/glove.6B.200d.txt,sgd,mean_absolute_error,128,0.9142335766423357,0.08714616347620957,2018-10-27 06:45:44,2018-10-27 06:48:52,100,2
10,glove.6B/glove.6B.200d.txt,sgd,mean_absolute_error,128,0.9142335766423357,0.08702704696542155,2018-10-27 06:48:52,2018-10-27 06:52:01,100,3
10,glove.6B/glove.6B.200d.txt,sgd,mean_absolute_error,128,0.9142335766423357,0.08727103047562342,2018-10-27 06:52:01,2018-10-27 06:55:10,100,4
10,glove.6B/glove.6B.200d.txt,sgd,mean_absolute_error,128,0.9142335766423357,0.08723605728715006,2018-10-27 06:55:10,2018-10-27 06:58:20,100,5
10,glove.6B/glove.6B.200d.txt,sgd,mean_absolute_error,128,0.9142335766423357,0.08727943462176915,2018-10-27 06:58:20,2018-10-27 07:01:31,100,6
10,glove.6B/glove.6B.200d.txt,sgd,mean_absolute_error,128,0.9142335766423357,0.08735474269755565,2018-10-27 07:01:31,2018-10-27 07:04:41,100,7
10,glove.6B/glove.6B.200d.txt,sgd,mean_absolute_error,128,0.9142335766423357,0.08719648040124099,2018-10-27 07:04:41,2018-10-27 07:07:50,100,8
10,glove.6B/glove.6B.200d.txt,sgd,mean_absolute_error,128,0.9142335766423357,0.08709942391754066,2018-10-27 07:07:50,2018-10-27 07:11:29,100,9
10,glove.6B/glove.6B.200d.txt,sgd,mean_absolute_error,256,0.9142335766423357,0.08669822554301171,2018-10-27 07:11:29,2018-10-27 07:17:51,100,0
10,glove.6B/glove.6B.200d.txt,sgd,mean_absolute_error,256,0.9142335766423357,0.08671602068373757,2018-10-27 07:17:51,2018-10-27 07:24:11,100,1
10,glove.6B/glove.6B.200d.txt,sgd,mean_absolute_error,256,0.9142335766423357,0.08676451161830094,2018-10-27 07:24:11,2018-10-27 07:30:30,100,2
10,glove.6B/glove.6B.200d.txt,sgd,mean_absolute_error,256,0.9142335766423357,0.08671284477858648,2018-10-27 07:30:30,2018-10-27 07:36:53,100,3
10,glove.6B/glove.6B.200d.txt,sgd,mean_absolute_error,256,0.9142335766423357,0.08677862258288112,2018-10-27 07:36:53,2018-10-27 07:43:12,100,4
10,glove.6B/glove.6B.200d.txt,sgd,mean_absolute_error,256,0.9142335766423357,0.08678863143181278,2018-10-27 07:43:12,2018-10-27 07:49:31,100,5
10,glove.6B/glove.6B.200d.txt,sgd,mean_absolute_error,256,0.9142335766423357,0.08674745713054699,2018-10-27 07:49:31,2018-10-27 07:55:52,100,6
10,glove.6B/glove.6B.200d.txt,sgd,mean_absolute_error,256,0.9142335766423357,0.08676330331903305,2018-10-27 07:55:52,2018-10-27 08:02:14,100,7
10,glove.6B/glove.6B.200d.txt,sgd,mean_absolute_error,256,0.9142335766423357,0.08672799420182722,2018-10-27 08:02:14,2018-10-27 08:08:37,100,8
10,glove.6B/glove.6B.200d.txt,sgd,mean_absolute_error,256,0.9142335766423357,0.08679179754787988,2018-10-27 08:08:37,2018-10-27 08:15:26,100,9
10,glove.6B/glove.6B.200d.txt,sgd,mean_absolute_error,512,0.9142335766423357,0.08652873533050509,2018-10-27 08:15:26,2018-10-27 08:31:13,100,0
10,glove.6B/glove.6B.200d.txt,sgd,mean_absolute_error,512,0.9142335766423357,0.08647656728969003,2018-10-27 08:31:13,2018-10-27 08:47:01,100,1
10,glove.6B/glove.6B.200d.txt,sgd,mean_absolute_error,512,0.9142335766423357,0.08648908769127227,2018-10-27 08:47:01,2018-10-27 09:02:54,100,2
10,glove.6B/glove.6B.200d.txt,sgd,mean_absolute_error,512,0.9142335766423357,0.08650253615240111,2018-10-27 09:02:54,2018-10-27 09:19:00,100,3
10,glove.6B/glove.6B.200d.txt,sgd,mean_absolute_error,512,0.9142335766423357,0.08651186661781186,2018-10-27 09:19:00,2018-10-27 09:35:13,100,4
10,glove.6B/glove.6B.200d.txt,sgd,mean_absolute_error,512,0.9142335766423357,0.08651439818370081,2018-10-27 09:35:13,2018-10-27 09:51:32,100,5
10,glove.6B/glove.6B.200d.txt,sgd,mean_absolute_error,512,0.9142335766423357,0.08646898580728656,2018-10-27 09:51:32,2018-10-27 10:07:50,100,6
10,glove.6B/glove.6B.200d.txt,sgd,mean_absolute_error,512,0.9142335766423357,0.08647478290282896,2018-10-27 10:07:50,2018-10-27 10:24:10,100,7
10,glove.6B/glove.6B.200d.txt,sgd,mean_absolute_error,512,0.9142335766423357,0.08651847136716773,2018-10-27 10:24:10,2018-10-27 10:40:27,100,8
10,glove.6B/glove.6B.200d.txt,sgd,mean_absolute_error,512,0.9142335766423357,0.08649633748687967,2018-10-27 10:40:27,2018-10-27 10:55:33,100,9
10,glove.6B/glove.6B.200d.txt,adam,binary_crossentropy,-1,0.9416058394160584,0.10539250451065328,2018-10-27 10:55:33,2018-10-27 10:56:54,12,0
10,glove.6B/glove.6B.200d.txt,adam,binary_crossentropy,-1,0.9698905109489051,0.08094355741339009,2018-10-27 10:56:54,2018-10-27 10:58:07,19,1
10,glove.6B/glove.6B.200d.txt,adam,binary_crossentropy,-1,0.9470802919708029,0.09954319535380732,2018-10-27 10:58:07,2018-10-27 10:59:18,12,2
10,glove.6B/glove.6B.200d.txt,adam,binary_crossentropy,-1,0.958029197080292,0.10301880712491752,2018-10-27 10:59:18,2018-10-27 11:00:31,13,3
10,glove.6B/glove.6B.200d.txt,adam,binary_crossentropy,-1,0.9708029197080292,0.08280459427050431,2018-10-27 11:00:31,2018-10-27 11:01:48,19,4
10,glove.6B/glove.6B.200d.txt,adam,binary_crossentropy,-1,0.9708029197080292,0.06989364151972054,2018-10-27 11:01:48,2018-10-27 11:03:03,23,5
10,glove.6B/glove.6B.200d.txt,adam,binary_crossentropy,-1,0.9534671532846716,0.09628299770564058,2018-10-27 11:03:03,2018-10-27 11:04:14,14,6
10,glove.6B/glove.6B.200d.txt,adam,binary_crossentropy,-1,0.9452554744525548,0.09852370228210505,2018-10-27 11:04:14,2018-10-27 11:05:24,14,7
10,glove.6B/glove.6B.200d.txt,adam,binary_crossentropy,-1,0.9443430656934306,0.10645212075353538,2018-10-27 11:05:24,2018-10-27 11:06:25,11,8
10,glove.6B/glove.6B.200d.txt,adam,binary_crossentropy,-1,0.9452554744525548,0.10172689874676892,2018-10-27 11:06:25,2018-10-27 11:07:30,12,9
10,glove.6B/glove.6B.200d.txt,adam,binary_crossentropy,64,0.9753649635036497,0.08622074671035265,2018-10-27 11:07:30,2018-10-27 11:08:43,11,0
10,glove.6B/glove.6B.200d.txt,adam,binary_crossentropy,64,0.9881386861313869,0.02382518215798331,2018-10-27 11:08:43,2018-10-27 11:09:58,16,1
10,glove.6B/glove.6B.200d.txt,adam,binary_crossentropy,64,0.9753649635036497,0.0738743412016082,2018-10-27 11:09:58,2018-10-27 11:11:03,11,2
10,glove.6B/glove.6B.200d.txt,adam,binary_crossentropy,64,0.9744525547445255,0.07336286232419258,2018-10-27 11:11:03,2018-10-27 11:12:14,12,3
10,glove.6B/glove.6B.200d.txt,adam,binary_crossentropy,64,0.9571167883211679,0.057184798303094225,2018-10-27 11:12:14,2018-10-27 11:13:30,11,4
10,glove.6B/glove.6B.200d.txt,adam,binary_crossentropy,64,0.9881386861313869,0.023752961780223316,2018-10-27 11:13:30,2018-10-27 11:14:46,16,5
10,glove.6B/glove.6B.200d.txt,adam,binary_crossentropy,64,0.9771897810218978,0.08104304583185781,2018-10-27 11:14:46,2018-10-27 11:16:01,11,6
10,glove.6B/glove.6B.200d.txt,adam,binary_crossentropy,64,0.9781021897810219,0.055463750323239906,2018-10-27 11:16:01,2018-10-27 11:17:21,11,7
10,glove.6B/glove.6B.200d.txt,adam,binary_crossentropy,64,0.9771897810218978,0.05549910408954551,2018-10-27 11:17:21,2018-10-27 11:18:32,12,8
10,glove.6B/glove.6B.200d.txt,adam,binary_crossentropy,64,0.9808394160583942,0.07198867968616694,2018-10-27 11:18:32,2018-10-27 11:19:46,11,9
10,glove.6B/glove.6B.200d.txt,adam,binary_crossentropy,128,0.9890510948905109,0.012912355412654307,2018-10-27 11:19:46,2018-10-27 11:21:04,16,0
10,glove.6B/glove.6B.200d.txt,adam,binary_crossentropy,128,0.989963503649635,0.01851695135616473,2018-10-27 11:21:04,2018-10-27 11:22:24,14,1
10,glove.6B/glove.6B.200d.txt,adam,binary_crossentropy,128,0.9872262773722628,0.024320953967471193,2018-10-27 11:22:24,2018-10-27 11:23:44,11,2
10,glove.6B/glove.6B.200d.txt,adam,binary_crossentropy,128,0.989963503649635,0.027885306177891953,2018-10-27 11:23:44,2018-10-27 11:25:06,11,3
10,glove.6B/glove.6B.200d.txt,adam,binary_crossentropy,128,0.9854014598540146,0.029128004422914373,2018-10-27 11:25:06,2018-10-27 11:26:30,11,4
10,glove.6B/glove.6B.200d.txt,adam,binary_crossentropy,128,0.9826642335766423,0.025840858215071857,2018-10-27 11:26:30,2018-10-27 11:27:56,12,5
10,glove.6B/glove.6B.200d.txt,adam,binary_crossentropy,128,0.9908759124087592,0.02363056474684799,2018-10-27 11:27:56,2018-10-27 11:29:20,11,6
10,glove.6B/glove.6B.200d.txt,adam,binary_crossentropy,128,0.9872262773722628,0.024824697130026607,2018-10-27 11:29:20,2018-10-27 11:30:46,11,7
10,glove.6B/glove.6B.200d.txt,adam,binary_crossentropy,128,0.9826642335766423,0.038288012337293065,2018-10-27 11:30:46,2018-10-27 11:32:07,12,8
10,glove.6B/glove.6B.200d.txt,adam,binary_crossentropy,128,0.9854014598540146,0.01852105336814412,2018-10-27 11:32:07,2018-10-27 11:33:43,17,9
10,glove.6B/glove.6B.200d.txt,adam,binary_crossentropy,256,0.9872262773722628,0.029036900382081086,2018-10-27 11:33:43,2018-10-27 11:35:20,11,0
10,glove.6B/glove.6B.200d.txt,adam,binary_crossentropy,256,0.9890510948905109,0.018564171433095297,2018-10-27 11:35:20,2018-10-27 11:37:02,11,1
10,glove.6B/glove.6B.200d.txt,adam,binary_crossentropy,256,0.9890510948905109,0.023666348219951137,2018-10-27 11:37:02,2018-10-27 11:38:39,11,2
10,glove.6B/glove.6B.200d.txt,adam,binary_crossentropy,256,0.9890510948905109,0.013112093632986401,2018-10-27 11:38:39,2018-10-27 11:40:15,14,3
10,glove.6B/glove.6B.200d.txt,adam,binary_crossentropy,256,0.9908759124087592,0.01369492327420544,2018-10-27 11:40:15,2018-10-27 11:42:15,13,4
10,glove.6B/glove.6B.200d.txt,adam,binary_crossentropy,256,0.989963503649635,0.017163028420513347,2018-10-27 11:42:15,2018-10-27 11:43:50,11,5
10,glove.6B/glove.6B.200d.txt,adam,binary_crossentropy,256,0.989963503649635,0.01898422715233734,2018-10-27 11:43:50,2018-10-27 11:45:44,12,6
10,glove.6B/glove.6B.200d.txt,adam,binary_crossentropy,256,0.9908759124087592,0.019203420143819202,2018-10-27 11:45:44,2018-10-27 11:47:20,12,7
10,glove.6B/glove.6B.200d.txt,adam,binary_crossentropy,256,0.9881386861313869,0.014086030129628786,2018-10-27 11:47:20,2018-10-27 11:49:14,14,8
10,glove.6B/glove.6B.200d.txt,adam,binary_crossentropy,256,0.9844890510948905,0.025059561415092788,2018-10-27 11:49:14,2018-10-27 11:51:11,11,9
10,glove.6B/glove.6B.200d.txt,adam,binary_crossentropy,512,0.9863138686131386,0.01837067787678246,2018-10-27 11:51:11,2018-10-27 11:53:55,12,0
10,glove.6B/glove.6B.200d.txt,adam,binary_crossentropy,512,0.9844890510948905,0.020425543491558656,2018-10-27 11:53:55,2018-10-27 11:56:34,12,1
10,glove.6B/glove.6B.200d.txt,adam,binary_crossentropy,512,0.9854014598540146,0.018123042038947778,2018-10-27 11:56:34,2018-10-27 11:59:21,14,2
10,glove.6B/glove.6B.200d.txt,adam,binary_crossentropy,512,0.9844890510948905,0.02268128153480535,2018-10-27 11:59:21,2018-10-27 12:02:02,12,3
10,glove.6B/glove.6B.200d.txt,adam,binary_crossentropy,512,0.9881386861313869,0.02237392993589496,2018-10-27 12:02:02,2018-10-27 12:04:38,11,4
10,glove.6B/glove.6B.200d.txt,adam,binary_crossentropy,512,0.9881386861313869,0.01419948739633576,2018-10-27 12:04:38,2018-10-27 12:07:28,13,5
10,glove.6B/glove.6B.200d.txt,adam,binary_crossentropy,512,0.9854014598540146,0.023204200384444998,2018-10-27 12:07:28,2018-10-27 12:10:00,11,6
10,glove.6B/glove.6B.200d.txt,adam,binary_crossentropy,512,0.9881386861313869,0.02204975092878742,2018-10-27 12:10:00,2018-10-27 12:12:32,11,7
10,glove.6B/glove.6B.200d.txt,adam,binary_crossentropy,512,0.9872262773722628,0.015932223856462722,2018-10-27 12:12:32,2018-10-27 12:14:52,12,8
10,glove.6B/glove.6B.200d.txt,adam,binary_crossentropy,512,0.9881386861313869,0.01628513892357965,2018-10-27 12:14:52,2018-10-27 12:17:19,13,9
10,glove.6B/glove.6B.300d.txt,sgd,mean_absolute_error,-1,0.916058394160584,0.08582848538882541,2018-10-27 12:17:47,2018-10-27 12:19:33,100,0
10,glove.6B/glove.6B.300d.txt,sgd,mean_absolute_error,-1,0.9151459854014599,0.08606445947050179,2018-10-27 12:19:33,2018-10-27 12:21:19,100,1
10,glove.6B/glove.6B.300d.txt,sgd,mean_absolute_error,-1,0.9142335766423357,0.08639633851329775,2018-10-27 12:21:19,2018-10-27 12:23:00,100,2
10,glove.6B/glove.6B.300d.txt,sgd,mean_absolute_error,-1,0.9142335766423357,0.08642448909091253,2018-10-27 12:23:00,2018-10-27 12:24:40,100,3
10,glove.6B/glove.6B.300d.txt,sgd,mean_absolute_error,-1,0.9151459854014599,0.08584598065727819,2018-10-27 12:24:40,2018-10-27 12:26:17,100,4
10,glove.6B/glove.6B.300d.txt,sgd,mean_absolute_error,-1,0.9151459854014599,0.08603252818549637,2018-10-27 12:26:17,2018-10-27 12:27:53,100,5
10,glove.6B/glove.6B.300d.txt,sgd,mean_absolute_error,-1,0.9151459854014599,0.08571307535154106,2018-10-27 12:27:53,2018-10-27 12:29:39,100,6
10,glove.6B/glove.6B.300d.txt,sgd,mean_absolute_error,-1,0.9151459854014599,0.08610298201768067,2018-10-27 12:29:39,2018-10-27 12:31:30,100,7
10,glove.6B/glove.6B.300d.txt,sgd,mean_absolute_error,-1,0.9142335766423357,0.08629099627698425,2018-10-27 12:31:30,2018-10-27 12:33:21,100,8
10,glove.6B/glove.6B.300d.txt,sgd,mean_absolute_error,-1,0.9151459854014599,0.08594176227593944,2018-10-27 12:33:21,2018-10-27 12:35:12,100,9
10,glove.6B/glove.6B.300d.txt,sgd,mean_absolute_error,64,0.9142335766423357,0.08801057592143108,2018-10-27 12:35:12,2018-10-27 12:37:56,100,0
10,glove.6B/glove.6B.300d.txt,sgd,mean_absolute_error,64,0.9142335766423357,0.08794322278160248,2018-10-27 12:37:56,2018-10-27 12:40:45,100,1
10,glove.6B/glove.6B.300d.txt,sgd,mean_absolute_error,64,0.9142335766423357,0.08821921752099574,2018-10-27 12:40:45,2018-10-27 12:43:28,100,2
10,glove.6B/glove.6B.300d.txt,sgd,mean_absolute_error,64,0.9142335766423357,0.08793138652822396,2018-10-27 12:43:28,2018-10-27 12:46:11,100,3
10,glove.6B/glove.6B.300d.txt,sgd,mean_absolute_error,64,0.9142335766423357,0.08816812078665642,2018-10-27 12:46:11,2018-10-27 12:48:56,100,4
10,glove.6B/glove.6B.300d.txt,sgd,mean_absolute_error,64,0.9142335766423357,0.08835860086183478,2018-10-27 12:48:56,2018-10-27 12:51:40,100,5
10,glove.6B/glove.6B.300d.txt,sgd,mean_absolute_error,64,0.9142335766423357,0.08833364816042628,2018-10-27 12:51:40,2018-10-27 12:54:23,100,6
10,glove.6B/glove.6B.300d.txt,sgd,mean_absolute_error,64,0.9142335766423357,0.08822991644596531,2018-10-27 12:54:23,2018-10-27 12:57:06,100,7
10,glove.6B/glove.6B.300d.txt,sgd,mean_absolute_error,64,0.9142335766423357,0.08819827595113838,2018-10-27 12:57:06,2018-10-27 12:59:54,100,8
10,glove.6B/glove.6B.300d.txt,sgd,mean_absolute_error,64,0.9142335766423357,0.08813429139826419,2018-10-27 12:59:54,2018-10-27 13:02:45,100,9
10,glove.6B/glove.6B.300d.txt,sgd,mean_absolute_error,128,0.9142335766423357,0.08743611935281405,2018-10-27 13:02:45,2018-10-27 13:06:10,100,0
10,glove.6B/glove.6B.300d.txt,sgd,mean_absolute_error,128,0.9142335766423357,0.08737858346778982,2018-10-27 13:06:10,2018-10-27 13:09:36,100,1
10,glove.6B/glove.6B.300d.txt,sgd,mean_absolute_error,128,0.9142335766423357,0.08748013091130849,2018-10-27 13:09:36,2018-10-27 13:13:01,100,2
10,glove.6B/glove.6B.300d.txt,sgd,mean_absolute_error,128,0.9142335766423357,0.08736320644834616,2018-10-27 13:13:01,2018-10-27 13:16:30,100,3
10,glove.6B/glove.6B.300d.txt,sgd,mean_absolute_error,128,0.9142335766423357,0.0873207287849301,2018-10-27 13:16:30,2018-10-27 13:20:00,100,4
10,glove.6B/glove.6B.300d.txt,sgd,mean_absolute_error,128,0.9142335766423357,0.08749092245188943,2018-10-27 13:20:00,2018-10-27 13:23:28,100,5
10,glove.6B/glove.6B.300d.txt,sgd,mean_absolute_error,128,0.9142335766423357,0.08743014534677032,2018-10-27 13:23:28,2018-10-27 13:26:59,100,6
10,glove.6B/glove.6B.300d.txt,sgd,mean_absolute_error,128,0.9142335766423357,0.0872577525620913,2018-10-27 13:26:59,2018-10-27 13:30:29,100,7
10,glove.6B/glove.6B.300d.txt,sgd,mean_absolute_error,128,0.9142335766423357,0.08737723067076537,2018-10-27 13:30:29,2018-10-27 13:34:12,100,8
10,glove.6B/glove.6B.300d.txt,sgd,mean_absolute_error,128,0.9142335766423357,0.08731921762228012,2018-10-27 13:34:12,2018-10-27 13:37:54,100,9
10,glove.6B/glove.6B.300d.txt,sgd,mean_absolute_error,256,0.9142335766423357,0.08687442046229857,2018-10-27 13:37:54,2018-10-27 13:43:51,100,0
10,glove.6B/glove.6B.300d.txt,sgd,mean_absolute_error,256,0.9142335766423357,0.08688261996220498,2018-10-27 13:43:51,2018-10-27 13:49:55,100,1
10,glove.6B/glove.6B.300d.txt,sgd,mean_absolute_error,256,0.9142335766423357,0.08691953111739054,2018-10-27 13:49:55,2018-10-27 13:56:00,100,2
10,glove.6B/glove.6B.300d.txt,sgd,mean_absolute_error,256,0.9142335766423357,0.08680806439505877,2018-10-27 13:56:00,2018-10-27 14:06:36,100,3
10,glove.6B/glove.6B.300d.txt,sgd,mean_absolute_error,256,0.9142335766423357,0.08688043715962529,2018-10-27 14:06:36,2018-10-27 14:10:51,100,4
10,glove.6B/glove.6B.300d.txt,sgd,mean_absolute_error,256,0.9142335766423357,0.08687088763626823,2018-10-27 14:10:51,2018-10-27 14:15:05,100,5
10,glove.6B/glove.6B.300d.txt,sgd,mean_absolute_error,256,0.9142335766423357,0.0868377438644423,2018-10-27 14:15:05,2018-10-27 14:19:20,100,6
10,glove.6B/glove.6B.300d.txt,sgd,mean_absolute_error,256,0.9142335766423357,0.08682623674182126,2018-10-27 14:19:20,2018-10-27 14:23:35,100,7
10,glove.6B/glove.6B.300d.txt,sgd,mean_absolute_error,256,0.9142335766423357,0.08684661331838064,2018-10-27 14:23:35,2018-10-27 14:27:50,100,8
10,glove.6B/glove.6B.300d.txt,sgd,mean_absolute_error,256,0.9142335766423357,0.08688437394852186,2018-10-27 14:27:50,2018-10-27 14:32:06,100,9
10,glove.6B/glove.6B.300d.txt,sgd,mean_absolute_error,512,0.9142335766423357,0.08662846298330892,2018-10-27 14:32:06,2018-10-27 14:41:29,100,0
10,glove.6B/glove.6B.300d.txt,sgd,mean_absolute_error,512,0.9142335766423357,0.08655659201806479,2018-10-27 14:41:29,2018-10-27 14:50:57,100,1
10,glove.6B/glove.6B.300d.txt,sgd,mean_absolute_error,512,0.9142335766423357,0.0865764230163428,2018-10-27 14:50:57,2018-10-27 15:00:23,100,2
10,glove.6B/glove.6B.300d.txt,sgd,mean_absolute_error,512,0.9142335766423357,0.08652788607308465,2018-10-27 15:00:23,2018-10-27 15:09:51,100,3
10,glove.6B/glove.6B.300d.txt,sgd,mean_absolute_error,512,0.9142335766423357,0.08657018726106978,2018-10-27 15:09:51,2018-10-27 15:19:26,100,4
10,glove.6B/glove.6B.300d.txt,sgd,mean_absolute_error,512,0.9142335766423357,0.08656425670768222,2018-10-27 15:19:26,2018-10-27 15:28:58,100,5
10,glove.6B/glove.6B.300d.txt,sgd,mean_absolute_error,512,0.9142335766423357,0.08652572839582054,2018-10-27 15:28:58,2018-10-27 15:38:33,100,6
10,glove.6B/glove.6B.300d.txt,sgd,mean_absolute_error,512,0.9142335766423357,0.08652038752597614,2018-10-27 15:38:33,2018-10-27 15:48:03,100,7
10,glove.6B/glove.6B.300d.txt,sgd,mean_absolute_error,512,0.9142335766423357,0.08658337342913133,2018-10-27 15:48:03,2018-10-27 15:57:39,100,8
10,glove.6B/glove.6B.300d.txt,sgd,mean_absolute_error,512,0.9142335766423357,0.0865890335862654,2018-10-27 15:57:39,2018-10-27 16:07:10,100,9
10,glove.6B/glove.6B.300d.txt,adam,binary_crossentropy,-1,0.9826642335766423,0.0644688611156749,2018-10-27 16:07:10,2018-10-27 16:08:31,19,0
10,glove.6B/glove.6B.300d.txt,adam,binary_crossentropy,-1,0.9662408759124088,0.09036248683059303,2018-10-27 16:08:31,2018-10-27 16:09:52,11,1
10,glove.6B/glove.6B.300d.txt,adam,binary_crossentropy,-1,0.9817518248175182,0.06522156461311952,2018-10-27 16:09:52,2018-10-27 16:11:14,18,2
10,glove.6B/glove.6B.300d.txt,adam,binary_crossentropy,-1,0.9735401459854015,0.08442355300823268,2018-10-27 16:11:14,2018-10-27 16:12:34,13,3
10,glove.6B/glove.6B.300d.txt,adam,binary_crossentropy,-1,0.968065693430657,0.08661632636820313,2018-10-27 16:12:34,2018-10-27 16:13:56,12,4
10,glove.6B/glove.6B.300d.txt,adam,binary_crossentropy,-1,0.9735401459854015,0.07688461956534072,2018-10-27 16:13:56,2018-10-27 16:15:17,14,5
10,glove.6B/glove.6B.300d.txt,adam,binary_crossentropy,-1,0.9762773722627737,0.08065446390070184,2018-10-27 16:15:17,2018-10-27 16:16:38,13,6
10,glove.6B/glove.6B.300d.txt,adam,binary_crossentropy,-1,0.9817518248175182,0.06633905152769855,2018-10-27 16:16:38,2018-10-27 16:18:14,18,7
10,glove.6B/glove.6B.300d.txt,adam,binary_crossentropy,-1,0.968978102189781,0.09051679270545931,2018-10-27 16:18:14,2018-10-27 16:19:39,12,8
10,glove.6B/glove.6B.300d.txt,adam,binary_crossentropy,-1,0.9698905109489051,0.08714527419231234,2018-10-27 16:19:39,2018-10-27 16:21:05,12,9
10,glove.6B/glove.6B.300d.txt,adam,binary_crossentropy,64,0.9872262773722628,0.03142749073568487,2018-10-27 16:21:05,2018-10-27 16:22:37,12,0
10,glove.6B/glove.6B.300d.txt,adam,binary_crossentropy,64,0.9881386861313869,0.032437364509614715,2018-10-27 16:22:37,2018-10-27 16:24:12,12,1
10,glove.6B/glove.6B.300d.txt,adam,binary_crossentropy,64,0.9881386861313869,0.022526895545803716,2018-10-27 16:24:12,2018-10-27 16:25:44,11,2
10,glove.6B/glove.6B.300d.txt,adam,binary_crossentropy,64,0.9881386861313869,0.028064721243551177,2018-10-27 16:25:44,2018-10-27 16:27:18,11,3
10,glove.6B/glove.6B.300d.txt,adam,binary_crossentropy,64,0.9890510948905109,0.014258560134832114,2018-10-27 16:27:18,2018-10-27 16:28:54,16,4
10,glove.6B/glove.6B.300d.txt,adam,binary_crossentropy,64,0.9881386861313869,0.022230196139183794,2018-10-27 16:28:54,2018-10-27 16:30:28,12,5
10,glove.6B/glove.6B.300d.txt,adam,binary_crossentropy,64,0.9908759124087592,0.015140129627156867,2018-10-27 16:30:28,2018-10-27 16:32:05,16,6
10,glove.6B/glove.6B.300d.txt,adam,binary_crossentropy,64,0.9872262773722628,0.018852944312494818,2018-10-27 16:32:05,2018-10-27 16:33:34,13,7
10,glove.6B/glove.6B.300d.txt,adam,binary_crossentropy,64,0.9854014598540146,0.041963420128517774,2018-10-27 16:33:34,2018-10-27 16:35:02,11,8
10,glove.6B/glove.6B.300d.txt,adam,binary_crossentropy,64,0.9854014598540146,0.029600609773701995,2018-10-27 16:35:02,2018-10-27 16:36:34,11,9
10,glove.6B/glove.6B.300d.txt,adam,binary_crossentropy,128,0.9881386861313869,0.018426785163962057,2018-10-27 16:36:34,2018-10-27 16:38:13,11,0
10,glove.6B/glove.6B.300d.txt,adam,binary_crossentropy,128,0.9917883211678832,0.00979355141863798,2018-10-27 16:38:13,2018-10-27 16:39:55,15,1
10,glove.6B/glove.6B.300d.txt,adam,binary_crossentropy,128,0.9881386861313869,0.018681888223836457,2018-10-27 16:39:55,2018-10-27 16:41:27,11,2
10,glove.6B/glove.6B.300d.txt,adam,binary_crossentropy,128,0.9844890510948905,0.020443010286693156,2018-10-27 16:41:27,2018-10-27 16:43:00,11,3
10,glove.6B/glove.6B.300d.txt,adam,binary_crossentropy,128,0.9863138686131386,0.01709993128549226,2018-10-27 16:43:00,2018-10-27 16:44:32,11,4
10,glove.6B/glove.6B.300d.txt,adam,binary_crossentropy,128,0.9917883211678832,0.014845889665009658,2018-10-27 16:44:32,2018-10-27 16:46:07,12,5
10,glove.6B/glove.6B.300d.txt,adam,binary_crossentropy,128,0.9890510948905109,0.019993683425233746,2018-10-27 16:46:07,2018-10-27 16:47:40,11,6
10,glove.6B/glove.6B.300d.txt,adam,binary_crossentropy,128,0.9881386861313869,0.01820763761694305,2018-10-27 16:47:40,2018-10-27 16:49:16,12,7
10,glove.6B/glove.6B.300d.txt,adam,binary_crossentropy,128,0.9872262773722628,0.01582530703069302,2018-10-27 16:49:16,2018-10-27 16:50:56,13,8
10,glove.6B/glove.6B.300d.txt,adam,binary_crossentropy,128,0.9881386861313869,0.016838965522818758,2018-10-27 16:50:56,2018-10-27 16:52:39,12,9
10,glove.6B/glove.6B.300d.txt,adam,binary_crossentropy,256,0.9863138686131386,0.016237189075535667,2018-10-27 16:52:39,2018-10-27 16:54:33,11,0
10,glove.6B/glove.6B.300d.txt,adam,binary_crossentropy,256,0.9890510948905109,0.014444363125885436,2018-10-27 16:54:33,2018-10-27 16:56:31,13,1
10,glove.6B/glove.6B.300d.txt,adam,binary_crossentropy,256,0.9863138686131386,0.02127360866615807,2018-10-27 16:56:31,2018-10-27 16:58:25,11,2
10,glove.6B/glove.6B.300d.txt,adam,binary_crossentropy,256,0.9817518248175182,0.032775970060296734,2018-10-27 16:58:25,2018-10-27 17:00:20,11,3
10,glove.6B/glove.6B.300d.txt,adam,binary_crossentropy,256,0.9881386861313869,0.013113863653177056,2018-10-27 17:00:20,2018-10-27 17:02:16,11,4
10,glove.6B/glove.6B.300d.txt,adam,binary_crossentropy,256,0.9908759124087592,0.013767283389439984,2018-10-27 17:02:16,2018-10-27 17:04:17,14,5
10,glove.6B/glove.6B.300d.txt,adam,binary_crossentropy,256,0.9917883211678832,0.012522332186735895,2018-10-27 17:04:17,2018-10-27 17:06:12,11,6
10,glove.6B/glove.6B.300d.txt,adam,binary_crossentropy,256,0.9817518248175182,0.020847635807632638,2018-10-27 17:06:12,2018-10-27 17:08:09,11,7
10,glove.6B/glove.6B.300d.txt,adam,binary_crossentropy,256,0.9872262773722628,0.014437900407470925,2018-10-27 17:08:09,2018-10-27 17:10:07,12,8
10,glove.6B/glove.6B.300d.txt,adam,binary_crossentropy,256,0.989963503649635,0.012820671851250486,2018-10-27 17:10:07,2018-10-27 17:12:08,12,9
10,glove.6B/glove.6B.300d.txt,adam,binary_crossentropy,512,0.9863138686131386,0.014553333698078501,2018-10-27 17:12:08,2018-10-27 17:14:45,11,0
10,glove.6B/glove.6B.300d.txt,adam,binary_crossentropy,512,0.989963503649635,0.011177578605337572,2018-10-27 17:14:45,2018-10-27 17:17:27,14,1
10,glove.6B/glove.6B.300d.txt,adam,binary_crossentropy,512,0.9854014598540146,0.015209464274727516,2018-10-27 17:17:27,2018-10-27 17:20:04,11,2
10,glove.6B/glove.6B.300d.txt,adam,binary_crossentropy,512,0.9863138686131386,0.015931893403499122,2018-10-27 17:20:04,2018-10-27 17:22:44,11,3
10,glove.6B/glove.6B.300d.txt,adam,binary_crossentropy,512,0.9908759124087592,0.012337322767490834,2018-10-27 17:22:44,2018-10-27 17:25:21,11,4
10,glove.6B/glove.6B.300d.txt,adam,binary_crossentropy,512,0.9863138686131386,0.02085813344626205,2018-10-27 17:25:21,2018-10-27 17:28:04,12,5
10,glove.6B/glove.6B.300d.txt,adam,binary_crossentropy,512,0.9927007299270073,0.010049997622412323,2018-10-27 17:28:04,2018-10-27 17:30:48,12,6
10,glove.6B/glove.6B.300d.txt,adam,binary_crossentropy,512,0.9835766423357665,0.01909939978224137,2018-10-27 17:30:48,2018-10-27 17:33:35,12,7
10,glove.6B/glove.6B.300d.txt,adam,binary_crossentropy,512,0.9890510948905109,0.01450140691994533,2018-10-27 17:33:35,2018-10-27 17:36:25,13,8
10,glove.6B/glove.6B.300d.txt,adam,binary_crossentropy,512,0.9890510948905109,0.014324935873712067,2018-10-27 17:36:25,2018-10-27 17:39:11,12,9
110,glove.6B/glove.6B.50d.txt,sgd,mean_absolute_error,-1,0.9142335766423357,0.0861908695014724,2018-10-27 17:39:18,2018-10-27 17:41:32,100,0
110,glove.6B/glove.6B.50d.txt,sgd,mean_absolute_error,-1,0.9142335766423357,0.08604690856742163,2018-10-27 17:41:32,2018-10-27 17:43:47,100,1
110,glove.6B/glove.6B.50d.txt,sgd,mean_absolute_error,-1,0.9142335766423357,0.08606217404569153,2018-10-27 17:43:47,2018-10-27 17:46:02,100,2
110,glove.6B/glove.6B.50d.txt,sgd,mean_absolute_error,-1,0.9142335766423357,0.08612797371227376,2018-10-27 17:46:02,2018-10-27 17:48:16,100,3
110,glove.6B/glove.6B.50d.txt,sgd,mean_absolute_error,-1,0.9142335766423357,0.08613173168723601,2018-10-27 17:48:16,2018-10-27 17:50:29,100,4
110,glove.6B/glove.6B.50d.txt,sgd,mean_absolute_error,-1,0.9142335766423357,0.08619426147346079,2018-10-27 17:50:29,2018-10-27 17:52:44,100,5
110,glove.6B/glove.6B.50d.txt,sgd,mean_absolute_error,-1,0.9142335766423357,0.0861341703655946,2018-10-27 17:52:44,2018-10-27 17:54:59,100,6
110,glove.6B/glove.6B.50d.txt,sgd,mean_absolute_error,-1,0.9142335766423357,0.08626122843392574,2018-10-27 17:54:59,2018-10-27 17:57:14,100,7
110,glove.6B/glove.6B.50d.txt,sgd,mean_absolute_error,-1,0.9142335766423357,0.08603924056039239,2018-10-27 17:57:14,2018-10-27 17:59:29,100,8
110,glove.6B/glove.6B.50d.txt,sgd,mean_absolute_error,-1,0.9142335766423357,0.08610053083104809,2018-10-27 17:59:29,2018-10-27 18:01:44,100,9
110,glove.6B/glove.6B.50d.txt,sgd,mean_absolute_error,64,0.9142335766423357,0.08754762713491482,2018-10-27 18:01:44,2018-10-27 18:08:20,100,0
110,glove.6B/glove.6B.50d.txt,sgd,mean_absolute_error,64,0.9142335766423357,0.08759185345503535,2018-10-27 18:08:20,2018-10-27 18:14:51,100,1
110,glove.6B/glove.6B.50d.txt,sgd,mean_absolute_error,64,0.9142335766423357,0.08779468463502661,2018-10-27 18:14:51,2018-10-27 18:21:27,100,2
110,glove.6B/glove.6B.50d.txt,sgd,mean_absolute_error,64,0.9142335766423357,0.08763990632808992,2018-10-27 18:21:27,2018-10-27 18:28:03,100,3
110,glove.6B/glove.6B.50d.txt,sgd,mean_absolute_error,64,0.9142335766423357,0.08771850369925047,2018-10-27 18:28:03,2018-10-27 18:34:38,100,4
110,glove.6B/glove.6B.50d.txt,sgd,mean_absolute_error,64,0.9142335766423357,0.08766065026721816,2018-10-27 18:34:38,2018-10-27 18:41:15,100,5
110,glove.6B/glove.6B.50d.txt,sgd,mean_absolute_error,64,0.9142335766423357,0.08784910617736134,2018-10-27 18:41:15,2018-10-27 18:47:52,100,6
110,glove.6B/glove.6B.50d.txt,sgd,mean_absolute_error,64,0.9142335766423357,0.08759373877822918,2018-10-27 18:47:52,2018-10-27 18:54:30,100,7
110,glove.6B/glove.6B.50d.txt,sgd,mean_absolute_error,64,0.9142335766423357,0.08760957452502564,2018-10-27 18:54:30,2018-10-27 19:01:08,100,8
110,glove.6B/glove.6B.50d.txt,sgd,mean_absolute_error,64,0.9142335766423357,0.08784089302712113,2018-10-27 19:01:08,2018-10-27 19:07:43,100,9
110,glove.6B/glove.6B.50d.txt,sgd,mean_absolute_error,128,0.9142335766423357,0.08700510658269381,2018-10-27 19:07:43,2018-10-27 19:17:03,100,0
110,glove.6B/glove.6B.50d.txt,sgd,mean_absolute_error,128,0.9142335766423357,0.08688837697688681,2018-10-27 19:17:03,2018-10-27 19:26:14,100,1
110,glove.6B/glove.6B.50d.txt,sgd,mean_absolute_error,128,0.9142335766423357,0.08694553734177221,2018-10-27 19:26:14,2018-10-27 19:35:22,100,2
110,glove.6B/glove.6B.50d.txt,sgd,mean_absolute_error,128,0.9142335766423357,0.08695216650945427,2018-10-27 19:35:22,2018-10-27 19:44:31,100,3
110,glove.6B/glove.6B.50d.txt,sgd,mean_absolute_error,128,0.9142335766423357,0.08699015130961898,2018-10-27 19:44:31,2018-10-27 19:53:41,100,4
110,glove.6B/glove.6B.50d.txt,sgd,mean_absolute_error,128,0.9142335766423357,0.08686009212566988,2018-10-27 19:53:41,2018-10-27 20:02:52,100,5
110,glove.6B/glove.6B.50d.txt,sgd,mean_absolute_error,128,0.9142335766423357,0.08695592481071932,2018-10-27 20:02:52,2018-10-27 20:12:02,100,6
110,glove.6B/glove.6B.50d.txt,sgd,mean_absolute_error,128,0.9142335766423357,0.08700309362072144,2018-10-27 20:12:02,2018-10-27 20:21:14,100,7
110,glove.6B/glove.6B.50d.txt,sgd,mean_absolute_error,128,0.9142335766423357,0.08696328484228928,2018-10-27 20:21:14,2018-10-27 20:30:26,100,8
110,glove.6B/glove.6B.50d.txt,sgd,mean_absolute_error,128,0.9142335766423357,0.08688898874025275,2018-10-27 20:30:26,2018-10-27 20:39:42,100,9
110,glove.6B/glove.6B.50d.txt,sgd,mean_absolute_error,256,0.9142335766423357,0.08653560438512886,2018-10-27 20:39:42,2018-10-27 21:00:13,100,0
110,glove.6B/glove.6B.50d.txt,sgd,mean_absolute_error,256,0.9142335766423357,0.08657426077083949,2018-10-27 21:00:13,2018-10-27 21:20:48,100,1
110,glove.6B/glove.6B.50d.txt,sgd,mean_absolute_error,256,0.9142335766423357,0.0865023203574828,2018-10-27 21:20:48,2018-10-27 21:41:23,100,2
110,glove.6B/glove.6B.50d.txt,sgd,mean_absolute_error,256,0.9142335766423357,0.08656620081976382,2018-10-27 21:41:23,2018-10-27 22:01:59,100,3
110,glove.6B/glove.6B.50d.txt,sgd,mean_absolute_error,256,0.9142335766423357,0.08656896835696089,2018-10-27 22:01:59,2018-10-27 22:22:34,100,4
110,glove.6B/glove.6B.50d.txt,sgd,mean_absolute_error,256,0.9142335766423357,0.08661804331915222,2018-10-27 22:22:34,2018-10-27 22:43:10,100,5
110,glove.6B/glove.6B.50d.txt,sgd,mean_absolute_error,256,0.9142335766423357,0.0865602190368367,2018-10-27 22:43:10,2018-10-27 23:03:46,100,6
110,glove.6B/glove.6B.50d.txt,sgd,mean_absolute_error,256,0.9142335766423357,0.08651728476703602,2018-10-27 23:03:46,2018-10-27 23:24:27,100,7
110,glove.6B/glove.6B.50d.txt,sgd,mean_absolute_error,256,0.9142335766423357,0.08653970856736176,2018-10-27 23:24:27,2018-10-27 23:45:25,100,8
110,glove.6B/glove.6B.50d.txt,sgd,mean_absolute_error,256,0.9142335766423357,0.0865083524454249,2018-10-27 23:45:25,2018-10-28 00:06:23,100,9
110,glove.6B/glove.6B.50d.txt,sgd,mean_absolute_error,512,0.9142335766423357,0.08629237028369069,2018-10-28 00:06:23,2018-10-28 01:06:48,100,0
110,glove.6B/glove.6B.50d.txt,sgd,mean_absolute_error,512,0.9142335766423357,0.08631902862421788,2018-10-28 01:06:48,2018-10-28 02:06:43,100,1
110,glove.6B/glove.6B.50d.txt,sgd,mean_absolute_error,512,0.9142335766423357,0.08629528248179567,2018-10-28 02:06:43,2018-10-28 03:06:51,100,2
110,glove.6B/glove.6B.50d.txt,sgd,mean_absolute_error,512,0.9142335766423357,0.08631476047482804,2018-10-28 03:06:51,2018-10-28 04:06:58,100,3
110,glove.6B/glove.6B.50d.txt,sgd,mean_absolute_error,512,0.9142335766423357,0.0862988937292656,2018-10-28 04:06:58,2018-10-28 05:06:54,100,4
110,glove.6B/glove.6B.50d.txt,sgd,mean_absolute_error,512,0.9142335766423357,0.086338577914412,2018-10-28 05:06:54,2018-10-28 06:07:45,100,5
110,glove.6B/glove.6B.50d.txt,sgd,mean_absolute_error,512,0.9142335766423357,0.08630797517125624,2018-10-28 06:07:45,2018-10-28 07:07:56,100,6
110,glove.6B/glove.6B.50d.txt,sgd,mean_absolute_error,512,0.9142335766423357,0.08631419450262168,2018-10-28 07:07:56,2018-10-28 08:08:05,100,7
110,glove.6B/glove.6B.50d.txt,sgd,mean_absolute_error,512,0.9142335766423357,0.08637072782229333,2018-10-28 08:08:05,2018-10-28 09:08:05,100,8
110,glove.6B/glove.6B.50d.txt,sgd,mean_absolute_error,512,0.9142335766423357,0.08632133014663293,2018-10-28 09:08:05,2018-10-28 10:08:17,100,9
110,glove.6B/glove.6B.50d.txt,adam,binary_crossentropy,-1,0.9635036496350365,0.07943450170059274,2018-10-28 10:08:17,2018-10-28 10:10:22,13,0
110,glove.6B/glove.6B.50d.txt,adam,binary_crossentropy,-1,0.9744525547445255,0.06905234523498228,2018-10-28 10:10:22,2018-10-28 10:12:17,15,1
110,glove.6B/glove.6B.50d.txt,adam,binary_crossentropy,-1,0.9753649635036497,0.0586913693016463,2018-10-28 10:12:17,2018-10-28 10:14:13,20,2
110,glove.6B/glove.6B.50d.txt,adam,binary_crossentropy,-1,0.9607664233576643,0.07933802032557717,2018-10-28 10:14:13,2018-10-28 10:16:06,12,3
110,glove.6B/glove.6B.50d.txt,adam,binary_crossentropy,-1,0.9616788321167883,0.08566996466069327,2018-10-28 10:16:06,2018-10-28 10:17:59,11,4
110,glove.6B/glove.6B.50d.txt,adam,binary_crossentropy,-1,0.9653284671532847,0.07158300470914283,2018-10-28 10:17:59,2018-10-28 10:19:54,14,5
110,glove.6B/glove.6B.50d.txt,adam,binary_crossentropy,-1,0.9817518248175182,0.06546906479736314,2018-10-28 10:19:54,2018-10-28 10:21:50,18,6
110,glove.6B/glove.6B.50d.txt,adam,binary_crossentropy,-1,0.9671532846715328,0.0756366315984378,2018-10-28 10:21:50,2018-10-28 10:23:52,13,7
110,glove.6B/glove.6B.50d.txt,adam,binary_crossentropy,-1,0.9735401459854015,0.07499010947934032,2018-10-28 10:23:52,2018-10-28 10:25:57,15,8
110,glove.6B/glove.6B.50d.txt,adam,binary_crossentropy,-1,0.968065693430657,0.07260817593901697,2018-10-28 10:25:57,2018-10-28 10:28:01,16,9
110,glove.6B/glove.6B.50d.txt,adam,binary_crossentropy,64,0.9662408759124088,0.07214631064094766,2018-10-28 10:28:01,2018-10-28 10:31:01,20,0
110,glove.6B/glove.6B.50d.txt,adam,binary_crossentropy,64,0.9187956204379562,0.12178547141978341,2018-10-28 10:31:01,2018-10-28 10:33:28,11,1
110,glove.6B/glove.6B.50d.txt,adam,binary_crossentropy,64,0.9598540145985401,0.07682539669484117,2018-10-28 10:33:28,2018-10-28 10:36:23,17,2
110,glove.6B/glove.6B.50d.txt,adam,binary_crossentropy,64,0.9644160583941606,0.06391265417320015,2018-10-28 10:36:23,2018-10-28 10:39:12,18,3
110,glove.6B/glove.6B.50d.txt,adam,binary_crossentropy,64,0.9397810218978102,0.06284311718314234,2018-10-28 10:39:12,2018-10-28 10:42:15,23,4
110,glove.6B/glove.6B.50d.txt,adam,binary_crossentropy,64,0.9817518248175182,0.047403538422862976,2018-10-28 10:42:15,2018-10-28 10:45:12,22,5
110,glove.6B/glove.6B.50d.txt,adam,binary_crossentropy,64,0.9525547445255474,0.11223194204325224,2018-10-28 10:45:12,2018-10-28 10:47:57,16,6
110,glove.6B/glove.6B.50d.txt,adam,binary_crossentropy,64,0.9443430656934306,0.06710054611202575,2018-10-28 10:47:57,2018-10-28 10:50:46,18,7
110,glove.6B/glove.6B.50d.txt,adam,binary_crossentropy,64,0.9644160583941606,0.06989679909753103,2018-10-28 10:50:46,2018-10-28 10:53:40,18,8
110,glove.6B/glove.6B.50d.txt,adam,binary_crossentropy,64,0.9744525547445255,0.055353274636895114,2018-10-28 10:53:40,2018-10-28 10:56:41,20,9
110,glove.6B/glove.6B.50d.txt,adam,binary_crossentropy,128,0.9671532846715328,0.056847601150074145,2018-10-28 10:56:41,2018-10-28 10:59:52,15,0
110,glove.6B/glove.6B.50d.txt,adam,binary_crossentropy,128,0.9452554744525548,0.10167645211637455,2018-10-28 10:59:52,2018-10-28 11:02:56,14,1
110,glove.6B/glove.6B.50d.txt,adam,binary_crossentropy,128,0.948905109489051,0.09666351740160127,2018-10-28 11:02:56,2018-10-28 11:05:59,13,2
110,glove.6B/glove.6B.50d.txt,adam,binary_crossentropy,128,0.9698905109489051,0.05929503807403745,2018-10-28 11:05:59,2018-10-28 11:09:10,16,3
110,glove.6B/glove.6B.50d.txt,adam,binary_crossentropy,128,0.9571167883211679,0.09771692910551155,2018-10-28 11:09:10,2018-10-28 11:12:13,13,4
110,glove.6B/glove.6B.50d.txt,adam,binary_crossentropy,128,0.9762773722627737,0.061160113852824605,2018-10-28 11:12:13,2018-10-28 11:15:46,17,5
110,glove.6B/glove.6B.50d.txt,adam,binary_crossentropy,128,0.9543795620437956,0.06756363466490795,2018-10-28 11:15:46,2018-10-28 11:19:07,17,6
110,glove.6B/glove.6B.50d.txt,adam,binary_crossentropy,128,0.9625912408759124,0.07283245016188516,2018-10-28 11:19:07,2018-10-28 11:22:24,15,7
110,glove.6B/glove.6B.50d.txt,adam,binary_crossentropy,128,0.9717153284671532,0.05084611600550422,2018-10-28 11:22:24,2018-10-28 11:25:48,18,8
110,glove.6B/glove.6B.50d.txt,adam,binary_crossentropy,128,0.9726277372262774,0.058428339823319096,2018-10-28 11:25:48,2018-10-28 11:29:19,20,9
110,glove.6B/glove.6B.50d.txt,adam,binary_crossentropy,256,0.968065693430657,0.057299530147200954,2018-10-28 11:29:19,2018-10-28 11:34:24,18,0
110,glove.6B/glove.6B.50d.txt,adam,binary_crossentropy,256,0.9790145985401459,0.033456062367797766,2018-10-28 11:34:24,2018-10-28 11:39:22,16,1
110,glove.6B/glove.6B.50d.txt,adam,binary_crossentropy,256,0.9753649635036497,0.04840819377207408,2018-10-28 11:39:22,2018-10-28 11:44:52,18,2
110,glove.6B/glove.6B.50d.txt,adam,binary_crossentropy,256,0.9498175182481752,0.10788018675181117,2018-10-28 11:44:52,2018-10-28 11:49:15,13,3
110,glove.6B/glove.6B.50d.txt,adam,binary_crossentropy,256,0.9397810218978102,0.1000582085256159,2018-10-28 11:49:15,2018-10-28 11:53:45,12,4
110,glove.6B/glove.6B.50d.txt,adam,binary_crossentropy,256,0.9671532846715328,0.05733150763124445,2018-10-28 11:53:45,2018-10-28 11:58:48,15,5
110,glove.6B/glove.6B.50d.txt,adam,binary_crossentropy,256,0.9771897810218978,0.04828870541205371,2018-10-28 11:58:48,2018-10-28 12:04:09,18,6
110,glove.6B/glove.6B.50d.txt,adam,binary_crossentropy,256,0.916970802919708,0.1248529897119007,2018-10-28 12:04:09,2018-10-28 12:09:05,13,7
110,glove.6B/glove.6B.50d.txt,adam,binary_crossentropy,256,0.9507299270072993,0.07200867854004359,2018-10-28 12:09:05,2018-10-28 12:14:42,18,8
110,glove.6B/glove.6B.50d.txt,adam,binary_crossentropy,256,0.9726277372262774,0.07585686602949226,2018-10-28 12:14:42,2018-10-28 12:19:40,16,9
110,glove.6B/glove.6B.50d.txt,adam,binary_crossentropy,512,0.9534671532846716,0.09935618404054293,2018-10-28 12:19:40,2018-10-28 12:29:02,11,0
110,glove.6B/glove.6B.50d.txt,adam,binary_crossentropy,512,0.9562043795620438,0.09682639753513962,2018-10-28 12:29:02,2018-10-28 12:40:37,16,1
110,glove.6B/glove.6B.50d.txt,adam,binary_crossentropy,512,0.9662408759124088,0.06398013016603289,2018-10-28 12:40:37,2018-10-28 12:50:57,14,2
110,glove.6B/glove.6B.50d.txt,adam,binary_crossentropy,512,0.9698905109489051,0.04554861169444383,2018-10-28 12:50:57,2018-10-28 13:03:26,19,3
110,glove.6B/glove.6B.50d.txt,adam,binary_crossentropy,512,0.9826642335766423,0.02969277243598969,2018-10-28 13:03:26,2018-10-28 13:16:27,19,4
110,glove.6B/glove.6B.50d.txt,adam,binary_crossentropy,512,0.9735401459854015,0.05400361321920896,2018-10-28 13:16:27,2018-10-28 13:28:35,17,5
110,glove.6B/glove.6B.50d.txt,adam,binary_crossentropy,512,0.9790145985401459,0.04475906597328012,2018-10-28 13:28:35,2018-10-28 13:40:22,16,6
110,glove.6B/glove.6B.50d.txt,adam,binary_crossentropy,512,0.9142335766423357,0.1840035504233228,2018-10-28 13:40:22,2018-10-28 13:50:28,13,7
110,glove.6B/glove.6B.50d.txt,adam,binary_crossentropy,512,0.9233576642335767,0.16322626472607146,2018-10-28 13:50:28,2018-10-28 13:59:29,11,8
110,glove.6B/glove.6B.50d.txt,adam,binary_crossentropy,512,0.9808394160583942,0.05362345773155672,2018-10-28 13:59:29,2018-10-28 14:10:17,15,9
